Number,Label,PageRank_score,Rank,Degree,In_Degree,Out_Degree
0,A,0.0619048,5,2,1,1
1,B,0.325,0,6,3,3
2,C,0.122619,3,4,2,2
3,D,0.142857,2,4,2,2
4,E,0.203571,1,4,2,2
5,F,0.0821429,4,2,1,1
6,G,0.0619048,5,2,1,1
